community,n_students,student_ids,std_n_right_questions,mean_n_submissions,std_n_submissions,n_students_right,n_submissions_right,p_submissions_right,mean_mean_question_times,std_mean_question_times
0,14,"[2, 3, 10, 11, 19, 23, 24, 26, 27, 28, 35, 38, 50, 54]",4.043765672776617,62.857142857142854,7.079720967636496,14,44.92857142857143,71.48,925.4748903037664,171.74241492891383
1,11,"[14, 17, 18, 30, 36, 37, 39, 41, 42, 48, 49]",2.442732516826255,58.72727272727273,8.203002876894967,11,34.81818181818182,59.29,1217.2818545081793,175.0560151872919
2,13,"[0, 1, 4, 9, 15, 22, 29, 32, 43, 44, 46, 47, 58]",2.2400338120863132,41.69230769230769,6.329231517145911,13,25.53846153846154,61.25,1359.3542569574352,265.77127560294434
3,4,"[16, 33, 34, 51]",0.82915619758885,26.25,5.717298313014636,4,15.75,60.00,2333.538112745098,176.48108011103005
4,2,"[21, 52]",0.5,17.0,4.0,2,7.5,44.12,2864.75,6.75
5,2,"[6, 12]",1.5,44.0,4.0,2,30.5,69.32,1116.2036637931035,125.14116379310349
6,14,"[5, 7, 8, 13, 20, 25, 31, 40, 45, 55, 56, 57, 59, 60]",7.193850101992731,21.857142857142858,11.587290715367807,13,11.692307692307692,50.17,2511.25057817999,1147.4577164386292
