community,n_students,student_ids,std_n_right_questions,mean_n_submissions,std_n_submissions,n_students_right,n_submissions_right,p_submissions_right,mean_mean_question_times,std_mean_question_times
0,14,"[1, 3, 6, 9, 19, 22, 26, 31, 33, 38, 43, 45, 51, 53]",5.040651075536386,55.142857142857146,8.407965125464091,14,37.142857142857146,67.36,1053.2025520239688,231.41462395573478
1,19,"[4, 5, 7, 10, 12, 15, 18, 21, 24, 25, 34, 35, 36, 44, 48, 49, 52, 56, 57]",3.4927705311656965,43.578947368421055,12.958702783818108,19,23.894736842105264,54.83,1540.7300493432338,310.7087086685879
2,2,"[27, 55]",0.0,13.5,2.5,2,4.0,29.63,1898.125,256.875
3,2,"[47, 50]",0.0,28.0,2.0,2,10.0,35.71,2385.1000000000004,32.200000000000045
4,8,"[11, 28, 30, 32, 39, 40, 41, 54]",3.1399641717701177,37.375,26.081303169128645,8,16.125,43.14,1766.5331980519481,435.3146399894785
5,12,"[2, 8, 13, 14, 16, 20, 29, 37, 42, 46, 58, 59]",4.99752004613991,12.25,9.627434756984853,11,6.454545454545454,49.31,2172.3941303794245,1006.9265445186475
